county_l1,town,town_tidy
Carlow,Ardattin,Ardattin
Carlow,Bagenalstown,Bagenalstown
Carlow,Ballinabranna,Ballinabranna
Carlow,Ballon,Ballon
Carlow,Ballymurphy,Ballymurphy
Carlow,Borris,Borris
Carlow,Carlow,Carlow
Carlow,Clonegal,Clonegal
Carlow,Clonmore,Clonmore
Carlow,Drummond,Drummond
Carlow,Fenagh,Fenagh
Carlow,Hacketstown,Hacketstown
Carlow,Harrow Cross,Harrow Cross
Carlow,Kildavin,Kildavin
Carlow,Leighlinbridge,Leighlinbridge
Carlow,Myshall,Myshall
Carlow,Nurney,Nurney
Carlow,Old Leighlin,Old Leighlin
Carlow,Palatine,Palatine
Carlow,Rathanna,Rathanna
Carlow,Rathvilly,Rathvilly
Carlow,Royal Oak,Royal Oak
Carlow,St Mullins,St Mullins
Carlow,Tinryland,Tinryland
Carlow,Tullow,Tullow
Carlow,Tynock,Tynock
Cavan,Arvagh,Arvagh
Cavan,Bailieboro,Bailieborough
Cavan,Bailieborough,Bailieborough
Cavan,Ballinagh,Ballinagh
Cavan,Ballyconnell,Ballyconnell
Cavan,Ballyjamesduff,Ballyjamesduff
Cavan,Bawnboy,Bawnboy
Cavan,Belturbet,Belturbet
Cavan,Blacklion,Blacklion
Cavan,Butlersbridge,Butlers Bridge
Cavan,Butlersbridge Droichead,Butlers Bridge
Cavan,Cavan,Cavan
Cavan,Cootehill,Cootehill
Cavan,Crosskeys,Crosskeys
Cavan,Dowra,Dowra
Cavan,Gowna,Gowna
Cavan,Kilcogy,Kilcogy
Cavan,Killeshandra,Killeshandra
Cavan,Killydoon,Killydoon
Cavan,Kilnaleck,Kilnaleck
Cavan,Kingscourt,Kingscourt
Cavan,Lavey,Lavey
Cavan,Loch Gowna,Lough Gowna
Cavan,Lough Gowna,Lough Gowna
Cavan,Maghera,Maghera
Cavan,Mount Nugent,Mount Nugent
Cavan,Mountnugent,Mount Nugent
Cavan,Mullagh,Mullagh
Cavan,Redhills,Redhills
Cavan,Shercock,Shercock
Cavan,Stradone,Stradone
Cavan,Stradone Village,Stradone
Cavan,Swanlinbar,Swanlinbar
Cavan,Tullyvin,Tullyvin
Cavan,Virginia,Virginia
Clare,Ballynacally,Ballynacally
Clare,Ballyvaughan,Ballyvaughan
Clare,Barefield,Barefield
Clare,Bodyke,Bodyke
Clare,Boston,Boston
Clare,Bridgetown,Bridgetown
Clare,Broadford,Broadford
Clare,Bunratty,Bunratty
Clare,Caher,Caher
Clare,Carrigaholt,Carrigaholt
Clare,Clarecastle,Clarecastle
Clare,Clonlara,Clonlara
Clare,Connolly,Connolly
Clare,Coolmeen,Coolmeen
Clare,Cooraclare,Cooraclare
Clare,Corofin,Corofin
Clare,Cranny,Cranny
Clare,Cree,Cree
Clare,Cross,Cross
Clare,Doolin,Doolin
Clare,Doonbeg,Doonbeg
Clare,Doonbeg Village,Doonbeg
Clare,Ennis,Ennis
Clare,Ennistymon,Ennistymon
Clare,Feakle,Feakle
Clare,Flagmount,Flagmount
Clare,Inch-Clare,Inch-Clare
Clare,Kildysart,Kildysart
Clare,Kildysart Village,Kildysart
Clare,Kilfenora,Kilfenora
Clare,Kilkee,Kilkee
Clare,Kilkishen,Kilkishen
Clare,Killaloe,Killaloe
Clare,Killimer,Killimer
Clare,Kilmaley,Kilmaley
Clare,Kilmihil,Kilmihil
Clare,Kilmurry,Kilmurry McMahon
Clare,Kilmurry Mcmahon,Kilmurry McMahon
Clare,Kilrush,Kilrush
Clare,Knock,Knock
Clare,Labasheeda,Labasheeda
Clare,Lahinch,Lahinch
Clare,Lahinch An Leacht,Lahinch
Clare,Liscannor,Liscannor
Clare,Lisdoonvarna,Lisdoonvarna
Clare,Lissycasey,Lissycasey
Clare,Meelick,Meelick
Clare,Miltown Malbay,Miltown Malbay
Clare,Mountshannon,Mountshannon
Clare,Mullagh,Mullagh
Clare,Newmarket-On-Fergus,Newmarket-On-Fergus
Clare,O'Brien'S Bridge,O'Briensbridge
Clare,O'Briens Bridge,O'Briensbridge
Clare,O'Callaghan'S Mills,O'Callaghansmills
Clare,Ocallaghans Mills,O'Callaghansmills
Clare,Ogonnelloe,Ogonnelloe
Clare,Parteen,Parteen
Clare,Quin,Quin
Clare,Ruan,Ruan
Clare,Scariff,Scarriff
Clare,Scarriff,Scarriff
Clare,Shannon,Shannon
Clare,Sixmilebridge,Sixmilebridge
Clare,Spancilhill Clooney,Spancilhill Clooney
Clare,Spanish Point,Spanish Point
Clare,Tuamgraney,Tuamgraney
Clare,Tulla,Tulla
Clare,Whitegate,Whitegate
Clare,Whitegate-Clare,Whitegate
Cork,Aghabullogue,Aghabullogue
Cork,Ahakista,Ahakista
Cork,Aherla,Aherla
Cork,Ahiohill,Ahiohill
Cork,Ardfield,Ardfield
Cork,Ardgroom Village,Ardgroom
Cork,Baile Mhic Ire-Baile,Ballymakeery
Cork,Baile Mhic Ire\Baile Bh,Ballymakeery
Cork,Baile Mhic Ire\Baile Bhuirne,Ballymakeery
Cork,Baile Mhuirne,Ballyvourney
Cork,Ballinadee,Ballinadee
Cork,Ballinascarthy,Ballinascarthy
Cork,Ballincollig,Ballincollig
Cork,Ballineen,Ballineen and Enniskean
Cork,Ballineen-,Ballineen and Enniskean
Cork,Ballineen-Enniskean,Ballineen and Enniskean
Cork,Ballineen-Enniskeane,Ballineen and Enniskean
Cork,Ballingeary,Ballingeary
Cork,Ballinhassig,Ballinhassig
Cork,Ballinspittle,Ballinspittle
Cork,Ballinspittle-Beal Átha An,Ballinspittle
Cork,Ballintotas,Ballintotis
Cork,Ballintotis,Ballintotis
Cork,Ballyclough,Ballyclough
Cork,Ballycotton,Ballycotton
Cork,Ballydehob,Ballydehob
Cork,Ballydesmond,Ballydesmond
Cork,Ballyhooly,Ballyhooly
Cork,Ballylickey,Ballylickey
Cork,Ballymacoda,Ballymacoda
Cork,Ballymakeera,Ballymakeera
Cork,Ballymakeera-Ballyvourney,Ballymakeera
Cork,Baltimore,Baltimore
Cork,Bandon,Bandon
Cork,Banteer,Banteer
Cork,Bantry,Bantry
Cork,Bartlemy,Bartlemy
Cork,Beal Atha An Ghaorthaidh,Ballingeary
Cork,Beal Athan Ghaorthaidh,Ballingeary
Cork,Belgooly,Belgooly
Cork,Bere Island,Bere Island
Cork,Berrings,Berrings
Cork,Bishopstown,Bishopstown
Cork,Blarney,Blarney
Cork,Boherbue,Boherbue
Cork,Bridesbridge,Bridesbridge
Cork,Béal Átha An Ghaorthaidh,Ballingeary
Cork,Carrigadrohid-,Carrigadrohid-Killardrish
Cork,Carrigadrohid-Killardrish,Carrigadrohid-Killardrish
Cork,Carrigaline,Carrigaline
Cork,Carriganima,Carriganima
Cork,Carrigtwohill,Carrigtwohill
Cork,Castlelyons,Castlelyons-Bridesbridge
Cork,Castlelyons-Bridesbridge,Castlelyons-Bridesbridge
Cork,Castlemagner,Castlemagner
Cork,Castlemartyr,Castlemartyr
Cork,Castletownbere,Castletownbere
Cork,Castletownbere-Baile,Castletownbere
Cork,Castletownroche,Castletownroche
Cork,Castletownsend,Castletownshend
Cork,Castletownshend,Castletownshend
Cork,Charleville,Charleville
Cork,Churchtown,Churchtown
Cork,Cill Na Martra,Kilnamartyra
Cork,Clonakilty,Clonakilty
Cork,Clondrohid,Clondrohid
Cork,Cloyne,Cloyne
Cork,Coachford,Coachford
Cork,Cobh,Cobh
Cork,Conna,Conna
Cork,Coolagown,Coolagown
Cork,Copeen,Copeen
Cork,Courtmacsherry,Courtmacsherry
Cork,Crookhaven,Crookhaven
Cork,Crosshaven,Crosshaven
Cork,Cuil Aodha,Coolea
Cork,Cuil-Aodha,Coolea
Cork,Cullen,Cullen
Cork,Doneraile,Doneraile
Cork,Douglas,Douglas
Cork,Drimoleague,Drimoleague
Cork,Drinagh,Drinagh
Cork,Dripsey,Dripsey
Cork,Dromahane,Dromahane
Cork,Dromhane,Dromahane
Cork,Dromina,Dromina
Cork,Dunbeacon,Dunbeacon
Cork,Dunmanway,Dunmanway
Cork,Durrus,Durrus
Cork,Durrus Village,Durrus
Cork,Dursey Island,Dursey Island
Cork,Eyeries,Eyeries
Cork,Fermoy,Fermoy
Cork,Freemount,Freemount
Cork,Glandore,Glandore
Cork,Glanmire,Glanmire
Cork,Glanworth,Glanworth
Cork,Glengarriff,Glengarriff
Cork,Glenville,Glenville
Cork,Glounthaune,Glounthaune
Cork,Glounthaune Village,Glounthaune
Cork,Goleen,Goleen
Cork,Goleen- An Goilín,Goleen
Cork,Grenagh,Grenagh
Cork,Guileen,Guileen
Cork,Heir Island,Heir Island
Cork,Inch,Inch
Cork,Inch-Cork,Inch
Cork,Inchigeela,Inchigeelagh
Cork,Inchigeelagh,Inchigeelagh
Cork,Innishannon,Innishannon
Cork,Kanturk,Kanturk
Cork,Kealkill,Kealkill
Cork,Kilbrittain,Kilbrittain
Cork,Kilcrohane,Kilcrohane
Cork,Kildorrery,Kildorrery
Cork,Killeagh,Killeagh
Cork,Kilmacsimon,Kilmacsimon Quay
Cork,Kilmacsimon Quay,Kilmacsimon Quay
Cork,Kilmurry,Kilmurry
Cork,Kilworth,Kilworth
Cork,Kinsale,Kinsale
Cork,Kiskeam,Kiskeam
Cork,Knocknagree,Knocknagree
Cork,Knocknagree -Cnoc Na,Knocknagree
Cork,Knockraha,Knockraha
Cork,Labbamologga,Labbamologga
Cork,Ladysbridge,Ladysbridge
Cork,Leap,Leap
Cork,Lisavaird,Lisavaird
Cork,Liscarroll,Liscarroll
Cork,Lislevane,Lislevane
Cork,Lismire,Lismire
Cork,Little Island,Little Island
Cork,Lowertown,Lowertown
Cork,Macroom,Macroom
Cork,Mallow,Mallow
Cork,Meelin,Meelin
Cork,Midleton,Midleton
Cork,Milford,Milford
Cork,Milford-Cork,Milford
Cork,Millstreet,Millstreet
Cork,Minane Bridge,Minane Bridge
Cork,Mitchelstown,Mitchelstown
Cork,Mogeely,Mogeely
Cork,Monkstown,Monkstown
Cork,Newcestown,Newcestown
Cork,Newcestown Village,Newcestown
Cork,Newmarket,Newmarket
Cork,Newmarket-Cork,Newmarket
Cork,Newtownshandrum,Newtownshandrum
Cork,Newtwopothouse,Newtwopothouse
Cork,Oilean Chleire,Oileán Chléire
Cork,Oileán Cléire,Oileán Chléire
Cork,Owenahincha,Owenahincha
Cork,Passage West,Passage West
Cork,Passage West/Monkstown,Passage West
Cork,Rathbarry,Rathbarry
Cork,Rathcormac,Rathcormac
Cork,Reenascreena,Reenascreena
Cork,Ring,Ring
Cork,Ringaskiddy,Ringaskiddy
Cork,Rochestown,Rochestown
Cork,Rockchapel,Rockchapel
Cork,Rosscarbery,Rosscarbery
Cork,Rostellan,Rostellan
Cork,Rostellan-Farsid,Rostellan
Cork,Sallybrook,Sallybrook
Cork,Schull,Schull
Cork,Shanagarry,Shanagarry
Cork,Shandon,Shandon
Cork,Shannonvale,Shannonvale
Cork,Sherkin Island,Sherkin Island
Cork,Skibbereen,Skibbereen
Cork,St Luke'S,Saint Luke's
Cork,Timoleague,Timoleague
Cork,Timoleague (Molaga),Timoleague
Cork,Togher,Togher
Cork,Toormore,Toormore
Cork,Twopothouse,Twopothouse
Cork,Union Hall,Union Hall
Cork,Waterfall,Waterfall
Cork,Watergrasshill,Watergrasshill
Cork,Whiddy Island,Whiddy Island
Cork,Whiddy Island -Oileán,Whiddy Island
Cork,Whitegate,Whitegate
Cork,Whitegate-Cork,Whitegate
Cork,Youghal,Youghal
Donegal,An Falcarrach,Falcarragh
Donegal,Annagry,Annagry
Donegal,Arainn Mor,Árainn Mhór
Donegal,Ardara,Ardara
Donegal,Baile Na Finne,Fintown
Donegal,Ballybofey-Stranorlar,Ballybofey and Stranorlar
Donegal,Ballybofey/Stranorlar,Ballybofey and Stranorlar
Donegal,Ballyliffin,Ballyliffin
Donegal,Ballyliffin -Baile Lifín,Ballyliffin
Donegal,Ballyshannon,Ballyshannon
Donegal,Brochagh-Cloghan,Brochagh
Donegal,Brockagh-Cloghan,Brochagh
Donegal,Buncrana,Buncrana
Donegal,Bundoran,Bundoran
Donegal,Burtonport,Burtonport
Donegal,Carndonagh,Carndonagh
Donegal,Carraig Airt,Carrigart
Donegal,Carrigans,Carrigans
Donegal,Carrigart,Carrigart
Donegal,Castlefinn,Castlefinn
Donegal,Churchill,Churchill
Donegal,Clonmany,Clonmany
Donegal,Convoy,Convoy
Donegal,Creeslough,Creeslough
Donegal,Crolly,Crolly
Donegal,Culdaff,Culdaff
Donegal,Culdaff- Cúil Dabhcha,Culdaff
Donegal,Donegal,Donegal
Donegal,Donegal Town,Donegal
Donegal,Doochary,Doochary
Donegal,Dore,Dore
Donegal,Downings,Downings
Donegal,Dunfanaghy,Dunfanaghy
Donegal,Dungloe,Dungloe
Donegal,Dunkineely,Dunkineely
Donegal,Fintown,Fintown
Donegal,Frosses,Frosses
Donegal,Gabhla Island,Gola Island
Donegal,Gaoth Dobhair,Gaoth Dobhair
Donegal,Glencolmcille,Glencolmcille
Donegal,Glenties,Glenties
Donegal,Gort A'Choirce,Gort a' Choirce
Donegal,Gort A'Choirce-Gort An,Gort a' Choirce
Donegal,Greencastle,Greencastle
Donegal,Inis Bo Finne,Inis Bó Finne
Donegal,Island Roy,Island Roy
Donegal,Kerrykeel,Kerrykeel
Donegal,Kilcar,Kilcar
Donegal,Killea,Killea
Donegal,Killybegs,Killybegs
Donegal,Kilmacrenan,Kilmacrenan
Donegal,Kincasslagh,Kincasslagh
Donegal,Letterkenny,Letterkenny
Donegal,Lettermacaward,Lettermacaward
Donegal,Lettermacaward-Leitir,Lettermacaward
Donegal,Lifford,Lifford
Donegal,Loch An Iuir,Loch An Iuir
Donegal,Loch An Iúir,Loch An Iúir
Donegal,Loughanure,Loch An Iúir
Donegal,Maghery,Maghery
Donegal,Malin,Malin
Donegal,Malin -Málainn,Malin
Donegal,Manorcunningham,Manorcunningham
Donegal,Manorcunningham-,Manorcunningham
Donegal,Milford,Milford
Donegal,Milford-Donegal,Milford
Donegal,Moville,Moville
Donegal,Muff,Muff
Donegal,Mullachdubh,Mullach Dubh
Donegal,Mullaghdubh,Mullach Dubh
Donegal,Narin,Narin
Donegal,Narin-Portnoo,Narin-Portnoo
Donegal,Narin/Portnoo,Narin-Portnoo
Donegal,Newtowncunningham,Newtowncunningham
Donegal,Oilean Ghabhla,Oileán Ghabhla
Donegal,Oilean Ghabhla (Gola),Oileán Ghabhla
Donegal,Oilean Thorai,Oileán Toraigh
Donegal,Ramelton,Ramelton
Donegal,Raphoe,Raphoe
Donegal,Rathmullan,Rathmullan
Dublin,Balbriggan,Balbriggan
Dublin,Ballinteer,Ballinteer
Dublin,Ballsbridge,Ballsbridge
Dublin,Ballyboden,Ballyboden
Dublin,Ballyboughal,Ballyboughal
Dublin,Ballybrack,Ballybrack
Dublin,Ballyfermot,Ballyfermot
Dublin,Ballymun,Ballymun
Dublin,Balrothery,Balrothery
Dublin,Balrothery Village,Balrothery
Dublin,Balscadden,Balscadden
Dublin,Blackrock,Blackrock
Dublin,Blanchardstown,Blanchardstown
Dublin,Brittas,Brittas
Dublin,Bushfield Park,Bushfield Park
Dublin,Cabinteely,Cabinteely
Dublin,Cabra,Cabra
Dublin,Castleknock,Castleknock
Dublin,Chapelizod,Chapelizod
Dublin,Cherry Orchard,Cherry Orchard
Dublin,Clondalkin,Clondalkin
Dublin,Clondalkin (Monastery,Clondalkin
Dublin,Clondalkin North,Clondalkin
Dublin,Coolock,Coolock
Dublin,Dalkey,Dalkey
Dublin,Dalkey Town,Dalkey
Dublin,Donabate,Donabate
Dublin,Donnybrook,Donnybrook
Dublin,Dun Laoghaire,Dun Laoghaire
Dublin,Finglas,Finglas
Dublin,Firhouse,Firhouse
Dublin,Foxrock,Foxrock
Dublin,Garristown,Garristown
Dublin,Glasthule\Sandycove,Glasthule\Sandycove
Dublin,Goatstown Baile Na,Goatstown
Dublin,Griffeen,Griffeen
Dublin,Harolds Cross,Harolds Cross
Dublin,Howth,Howth
Dublin,Killester,Killester
Dublin,Lucan,Lucan
Dublin,Lusk,Lusk
Dublin,Malahide,Malahide
Dublin,Manor Street/Stoneybatter,Manor Street/Stoneybatter
Dublin,Mounttown,Mounttown
Dublin,Naul,Naul
Dublin,Newcastle Lyons,Newcastle Lyons
Dublin,Newcastle-Lyons,Newcastle-Lyons
Dublin,Old Bawn,Old Bawn
Dublin,Ongar,Ongar
Dublin,Palmerstown,Palmerstown
Dublin,Phibsborough,Phibsborough
Dublin,Portmarnock,Portmarnock
Dublin,Portobello,Portobello
Dublin,Raheny,Raheny
Dublin,Ranelagh,Ranelagh
Dublin,Rathbourne,Rathbourne
Dublin,Rathcoole,Rathcoole
Dublin,Rathcoole-Dublin,Rathcoole
Dublin,Rathfarnham,Rathfarnham
Dublin,Rialto,Rialto
Dublin,Rush,Rush
Dublin,Rusheeny,Rusheeny
Dublin,Sandycove,Sandycove
Dublin,Sandymount,Sandymount
Dublin,Santry,Santry
Dublin,Shankill,Shankill
Dublin,Skerries,Skerries
Dublin,Stepaside,Stepaside
Dublin,Sutton,Sutton
Dublin,Swords,Swords
Dublin,Temple Bar,Temple Bar
Dublin,Templeogue,Templeogue
Dublin,Terenure,Terenure
Dublin,The Naul,The Naul
Dublin,Whitecliff,Whitecliff
Dublin,Woodstown Village,Woodstown Village
Galway,Abbey,Abbey
Galway,Abbeyknockmoy,Abbeyknockmoy
Galway,Ahascragh,Ahascragh
Galway,An Cheathru Rua,An Cheathrú Rua
Galway,An Spideal,An Spidéal
Galway,Ardrahan,Ardrahan
Galway,Athenry,Athenry
Galway,Aughrim,Aughrim
Galway,Aughrim-Galway,Aughrim
Galway,Ballinasloe,Ballinasloe
Galway,Ballygar,Ballygar
Galway,Ballymoe,Ballymoe
Galway,Caltra,Caltra
Galway,Caltra -Cealltrach,Caltra
Galway,Camus,Camus
Galway,Carna,Carna
Galway,Castleblakeney,Castleblakeney
Galway,Castlegar,Castlegar
Galway,Cill Chiarain,Cill Chiaráin
Galway,Claregalway,Claregalway
Galway,Clarenbridge,Clarenbridge
Galway,Clarinbridge,Clarinbridge
Galway,Cleggan,Cleggan
Galway,Clifden,Clifden
Galway,Clonberne,Clonberne
Galway,Clonbur,Clonbur
Galway,Craughwell,Craughwell
Galway,Creggs,Creggs
Galway,Dunmore,Dunmore
Galway,Eyrecourt,Eyrecourt
Galway,Galway City Centre,Galway City Centre
Galway,Glenamaddy,Glenamaddy
Galway,Glenard,Glenard
Galway,Glinsk,Glinsk
Galway,Gort,Gort
Galway,Headford,Headford
Galway,Inis Meain,Inis Meáin
Galway,Inis Mor,Inis Meáin
Galway,Inishbofin,Inishbofin
Galway,Kilconnell,Kilconnell
Galway,Kilkerrin,Kilkerrin
Galway,Kinvara,Kinvara
Galway,Lawrencetown,Lawrencetown
Galway,Leenane,Leenane
Galway,Letterfrack,Letterfrack
Galway,Lettermullen,Lettermullen
Galway,Loughrea,Loughrea
Galway,Maam,Maam
Galway,Menlough,Menlough
Galway,Milltown,Milltown
Galway,Milltown-Galway,Milltown
Galway,Monivea,Monivea
Galway,Mountbellew,Mountbellew
Galway,Moycullen,Moycullen
Galway,Moycullen Maigh Cuilinn,Moycullen
Galway,Moylough,Moylough
Galway,Na Forbacha,Na Forbacha
Galway,Newbridge,Newbridge
Galway,Newbridge-Galway,Newbridge
Galway,Oranmore,Oranmore
Galway,Oughterard,Oughterard
Galway,Portumna,Portumna
Galway,Renmore,Renmore
Galway,Rosmuc,Rosmuc
Galway,Rosscahill,Rosscahill
Galway,Roundstone,Roundstone
Galway,Spideal,An Spidéal
Galway,Spidéal,An Spidéal
Galway,Tuam,Tuam
Galway,Tullycross,Tullycross
Galway,Tullycross Village -Tulach,Tullycross
Galway,Tynagh,Tynagh
Galway,Tynagh Village,Tynagh
Galway,Williamstown,Williamstown
Galway,Woodford,Woodford
Kerry,Abbeydorney,Abbeydorney
Kerry,Annascaul,Annascaul
Kerry,Ardfert,Ardfert
Kerry,Asdee,Asdee
Kerry,Baile An Fhirteirigh,Ballyferriter
Kerry,Baile Na Ngall,Ballydavid
Kerry,Ballinskelligs,Ballinskelligs
Kerry,Ballybunion,Ballybunion
Kerry,Ballyduff,Ballyduff
Kerry,Ballyheigue,Ballyheigue
Kerry,Ballylongford,Ballylongford
Kerry,Barraduff,Barraduff
Kerry,Beaufort,Beaufort
Kerry,Boolteens,Boolteens
Kerry,Brosna,Brosna
Kerry,Caherdaniel,Caherdaniel
Kerry,Cahersiveen,Cahersiveen
Kerry,Cahirciveen,Cahersiveen
Kerry,Cahirsiveen,Cahersiveen
Kerry,Camp,Camp
Kerry,Castlecove,Castlecove
Kerry,Castlegregory,Castlegregory
Kerry,Castleisland,Castleisland
Kerry,Castlemaine,Castlemaine
Kerry,Causeway,Causeway
Kerry,Ceann Tra,Ceann Trá/Ventry
Kerry,Ceann Tragha,Ceann Trá/Ventry
Kerry,Ceann Tragha/Ventry,Ceann Trá/Ventry
Kerry,Ceann Tragna,Ceann Trá/Ventry
Kerry,Chapeltown,Chapeltown
Kerry,Cloghane,Cloghane-Brandon
Kerry,Cloghane Brandon,Cloghane-Brandon
Kerry,Cnoc An Iúir,Knockanure
Kerry,Cromane,Cromane
Kerry,Currans,Currans
Kerry,Currow,Currow
Kerry,Dingle,Dingle
Kerry,Duagh,Duagh
Kerry,Farranfore,Farranfore
Kerry,Fenit,Fenit
Kerry,Finuge,Finuge
Kerry,Firies,Firies
Kerry,Fossa,Fossa
Kerry,Glenbeigh,Glenbeigh
Kerry,Kenmare,Kenmare
Kerry,Kilcummin,Kilcummin
Kerry,Kilflynn,Kilflynn
Kerry,Kilgarvan,Kilgarvan
Kerry,Killarney,Killarney
Kerry,Killorglin,Killorglin
Kerry,Kilmoyley,Kilmoyley
Kerry,Knightstown,Knightstown
Kerry,Knightstown Baile An,Knightstown
Kerry,Knockanure,Knockanure
Kerry,Knocknagoshel,Knocknagoshel
Kerry,Lauragh,Lauragh
Kerry,Lios Poil,Lios Póil
Kerry,Lisselton,Lisselton
Kerry,Listowel,Listowel
Kerry,Lixnaw,Lixnaw
Kerry,Milltown,Milltown
Kerry,Miltown,Milltown
Kerry,Moyvane,Moyvane
Kerry,Portmagee,Portmagee
Kerry,Portmagee -Port Mhic,Portmagee
Kerry,Rathmore,Rathmore
Kerry,Scartaglen,Scartaglen
Kerry,Sneem,Sneem
Kerry,Tarbert,Tarbert
Kerry,Tralee,Tralee
Kerry,Ventry,Ceann Trá/Ventry
Kerry,Waterville,Waterville
Kildare,Allenwood,Allenwood
Kildare,Ardclough,Ardclough
Kildare,Athy,Athy
Kildare,Ballitore,Ballitore
Kildare,Ballymore Eustace,Ballymore Eustace
Kildare,Ballytore,Ballitore
Kildare,Brannockstown,Brannockstown
Kildare,Broadford,Broadford
Kildare,Broadford-Kildare,Broadford
Kildare,Calverstown,Calverstown
Kildare,Caragh,Caragh
Kildare,Carbury,Carbury
Kildare,Carbury Village,Carbury
Kildare,Castledermot,Castledermot
Kildare,Celbridge,Celbridge
Kildare,Clane,Clane
Kildare,Coill Dubh,Coill Dubh
Kildare,Coilldubh,Coill Dubh
Kildare,Derrinturn,Derrinturn
Kildare,Droichead Nua,Droichead Nua
Kildare,Eadestown,Eadestown
Kildare,Johnstown,Johnstown
Kildare,Johnstownbridge,Johnstown Bridge
Kildare,Kilcock,Kilcock
Kildare,Kilcullen,Kilcullen
Kildare,Kildangan,Kildangan
Kildare,Kildare,Kildare
Kildare,Kilkea,Kilkea
Kildare,Kill,Kill
Kildare,Kilmead,Kilmead
Kildare,Kilmeade,Kilmead
Kildare,Kilmeague,Kilmeague
Kildare,Kilteel,Kilteel
Kildare,Kings Court,Kings Court
Kildare,Leixlip,Leixlip
Kildare,Maynooth,Maynooth
Kildare,Milltown,Milltown
Kildare,Milltown-Kildare,Milltown
Kildare,Monasterevin,Monasterevin
Kildare,Moone,Moone
Kildare,Naas,Naas
Kildare,Narraghmore,Narraghmore
Kildare,Newbridge,Newbridge
Kildare,Newbridge-Kildare,Newbridge
Kildare,Newtown,Newtown
Kildare,Nurney,Nurney
Kildare,Prosperous,Prosperous
Kildare,Rathangan,Rathangan
Kildare,Rathcoffey,Rathcoffey
Kildare,Robertstown,Robertstown
Kildare,Sallins,Sallins
Kildare,Straffan,Straffan
Kildare,Suncroft,Suncroft
Kildare,Timolin,Timolin
Kildare,Two-Mile-House,Two-Mile-House
Kilkenny,Ballyhale,Ballyhale
Kilkenny,Ballyouskill,Ballyouskill
Kilkenny,Ballyragget,Ballyragget
Kilkenny,Bennettsbridge,Bennettsbridge
Kilkenny,Callan,Callan
Kilkenny,Callan-Cailin,Callan
Kilkenny,Castlecomer,Castlecomer
Kilkenny,Clogh,Clogh
Kilkenny,Coon,Coon
Kilkenny,Crosspatrick,Crosspatrick
Kilkenny,Cuffesgrange,Cuffesgrange
Kilkenny,Dungarvan,Dungarvan
Kilkenny,Dungarvan-Kilkenny,Dungarvan
Kilkenny,Dunnamaggan,Dunnamaggan
Kilkenny,Fiddown,Fiddown
Kilkenny,Freshford,Freshford
Kilkenny,Gathabawn,Gathabawn
Kilkenny,Glenmore,Glenmore
Kilkenny,Goresbridge,Goresbridge
Kilkenny,Gowran,Gowran
Kilkenny,Graiguenamanagh,Graiguenamanagh
Kilkenny,Inistioge,Inistioge
Kilkenny,Johnstown,Johnstown
Kilkenny,Kells,Kells
Kilkenny,Kells-Kilkenny,Kells
Kilkenny,Kilkenny,Kilkenny
Kilkenny,Kilmacow,Kilmacow
Kilkenny,Kilmanagh,Kilmanagh
Kilkenny,Knocktopher,Knocktopher
Kilkenny,Lisdowney,Lisdowney
Kilkenny,Listerlin,Listerlin
Kilkenny,Moneenroe,Moneenroe
Kilkenny,Mooncoin,Mooncoin
Kilkenny,Mullinavat,Mullinavat
Kilkenny,Newmarket,Newmarket
Kilkenny,Newmarket-Kilkenny,Newmarket
Kilkenny,Owning,Owning
Kilkenny,Paulstown,Paulstown
Kilkenny,Piltown,Piltown
Kilkenny,Slieverue,Slieverue
Kilkenny,Stoneyford,Stoneyford
Kilkenny,Templeorum,Templeorum
Kilkenny,Thomastown,Thomastown
Kilkenny,Tullahought,Tullahought
Kilkenny,Urlingford,Urlingford
Kilkenny,Windgap,Windgap
Laois,Abbeyleix,Abbeyleix
Laois,Attanagh,Attanagh
Laois,Ballacolla,Ballacolla
Laois,Ballacolla-Laois,Ballacolla
Laois,Ballinakill,Ballinakill
Laois,Ballybrittas,Ballybrittas
Laois,Ballylinan,Ballylinan
Laois,Ballyouskill,Ballyouskill
Laois,Ballyroan,Ballyroan
Laois,Borris-In-Ossory,Borris-In-Ossory
Laois,Camross,Camross
Laois,Castletown,Castletown
Laois,Clonaslee,Clonaslee
Laois,Clough,Clough
Laois,Coolrain,Coolrain
Laois,Cullohill,Cullohill
Laois,Donaghmore,Donaghmore
Laois,Donaghmore Village,Donaghmore
Laois,Durrow,Durrow
Laois,Emo,Emo
Laois,Errill,Errill
Laois,Killasmeestia,Killasmeestia
Laois,Killenard,Killenard
Laois,Killeshin,Killeshin
Laois,Luggacurran,Luggacurren
Laois,Luggacurren,Luggacurren
Laois,Mountmellick,Mountmellick
Laois,Mountrath,Mountrath
Laois,Pike Of Rushall,Pike of Rushall
Laois,Portarlington,Portarlington
Laois,Portlaoise,Portlaoise
Laois,Raheen,Raheen
Laois,Rathdowney,Rathdowney
Laois,Ratheniska,Ratheniska
Laois,Rosenallis,Rosenallis
Laois,Shanahoe,Shanahoe
Laois,Spink,Spink
Laois,Stradbally,Stradbally
Laois,Stradbally-Laois,Stradbally
Laois,Timahoe,Timahoe
Laois,Vicarstown,Vicarstown
Leitrim,Ballinamore,Ballinamore
Leitrim,Carrick-On-Shannon,Carrick-On-Shannon
Leitrim,Carrigallen,Carrigallen
Leitrim,Cloone,Cloone
Leitrim,Cloone Village,Cloone
Leitrim,Cluainin Ui Ruairc,Manorhamilton/Cluainin Ui Ruairc
Leitrim,Dromahair,Dromahair
Leitrim,Dromod,Dromod
Leitrim,Drumkeeran,Drumkeeran
Leitrim,Drumkeerin,Drumkeeran
Leitrim,Drumshanbo,Drumshanbo
Leitrim,Drumsna,Drumsna
Leitrim,Fenagh,Fenagh
Leitrim,Jamestown,Jamestown
Leitrim,Keshcarrigan,Keshcarrigan
Leitrim,Kiltyclogher,Kiltyclogher
Leitrim,Kinlough,Kinlough
Leitrim,Leitrim,Leitrim
Leitrim,Leitrim Village,Leitrim
Leitrim,Lurganboy,Lurganboy
Leitrim,Manorhamilton,Manorhamilton/Cluainin Ui Ruairc
Leitrim,Mohill,Mohill
Leitrim,Newtowngore,Newtowngore
Leitrim,Tullaghan,Tullaghan
Limerick,Abbeyfeale,Abbeyfeale
Limerick,Abbeylock Estate,Abbeylock Estate
Limerick,Adare,Adare
Limerick,Anglesborough,Anglesborough
Limerick,Annacotty,Annacotty
Limerick,Ardagh-Limerick,Ardagh
Limerick,Ardpatrick,Ardpatrick
Limerick,Askeaton,Askeaton
Limerick,Athea,Athea
Limerick,Athea Village,Athea
Limerick,Athlacca,Athlacca
Limerick,Ballinacurra Weston,Ballinacurra Weston
Limerick,Ballingarry,Ballingarry
Limerick,Ballingarry Village,Ballingarry
Limerick,Ballyagran,Ballyagran
Limerick,Ballygrennan Close,Ballygrennan Close
Limerick,Ballyhahill,Ballyhahill
Limerick,Ballylanders,Ballylanders
Limerick,Ballyneety,Ballyneety
Limerick,Ballyorgan,Ballyorgan
Limerick,Ballysteen,Ballysteen
Limerick,Banogue,Banogue
Limerick,Broadford,Broadford
Limerick,Broadford-Limerick,Broadford
Limerick,Bruff,Bruff
Limerick,Bruree,Bruree
Limerick,Caherconlish,Caherconlish
Limerick,Caherdavin,Caherdavin
Limerick,Cappagh,Cappagh
Limerick,Cappamore,Cappamore
Limerick,Carabullane,Carabullane
Limerick,Carew Kincora,Carew Kincora
Limerick,Carrigkerry,Carrigkerry
Limerick,Castleconnell,Castleconnell
Limerick,Castleconnell -Chaisleán,Castleconnell
Limerick,Castlemahon,Castlemahon
Limerick,Castletown,Castletown
Limerick,Castletown Conyers,Castletown Conyers
Limerick,Castletroy View,Castletroy View
Limerick,Clarina,Clarina
Limerick,College Gate,College Gate
Limerick,Colmanswell,Colmanswell
Limerick,Croagh,Croagh
Limerick,Croom,Croom
Limerick,Curragh Birin Residential,Curragh Birin Residential
Limerick,Delmege Park,Delmege Park
Limerick,Distillery View Estate,Distillery View Estate
Limerick,Doon,Doon
Limerick,Dromcollogher,Dromcollogher
Limerick,Effin,Effin
Limerick,Elton,Elton
Limerick,Feenagh,Feenagh
Limerick,Fitzhaven/Castlewell/Cast,Fitzhaven/Castlewell/Cast
Limerick,Foynes,Foynes
Limerick,Galbally,Galbally
Limerick,Garrienderk,Garrienderk
Limerick,Garryowen,Garryowen
Limerick,Garryspillane,Garryspillane
Limerick,Glenbrohane,Glenbrohane
Limerick,Glenmore Lawn Estate,Glenmore Lawn Estate
Limerick,Glenosheen,Glenosheen
Limerick,Glenroe,Glenroe
Limerick,Glin,Glin
Limerick,Gouldavoher,Gouldavoher
Limerick,Hollycross,Hollycross
Limerick,Hospital,Hospital
Limerick,Janesboro,Janesboro
Limerick,Kilbehenny,Kilbehenny
Limerick,Kilcornan,Kilcornan
Limerick,Kildimo,Kildimo
Limerick,Kileely Court,Kileely Court
Limerick,Kilfinane,Kilfinane
Limerick,Kilmallock,Kilmallock
Limerick,Kilmeedy,Kilmeedy
Limerick,Kilteely,Kilteely
Limerick,King'S Island,King's Island
Limerick,Kings Island,King's Island
Limerick,Knockainey,Knockainey
Limerick,Knocklong,Knocklong
Limerick,Limerick City,Limerick City Centre
Limerick,Limerick City Centre,Limerick City Centre
Limerick,Limerick City Medieval,Limerick City Medieval
Limerick,Loughill,Loughill
Limerick,Loughill West,Loughill
Limerick,Lynwood Park Limerick,Lynwood Park
Limerick,Meadowbrook,Meadowbrook
Limerick,Meadowbrook Corbally,Meadowbrook
Limerick,Milford Grange,Milford Grange
Limerick,Mount Collins,Mountcollins
Limerick,Mount Gerard Court,Mount Gerard Court
Limerick,Mountcollins,Mountcollins
Limerick,Moyross,Moyross
Limerick,Murroe,Murroe
Limerick,Naughtons Place,Naughtons Place
Limerick,Newcastle West,Newcastle West
Limerick,Newcastlewest,Newcastle West
Limerick,Nicker,Nicker
Limerick,O Malley Keyes Parks,O'Malley Keyes Parks
Limerick,Old Pallas,Old Pallas
Limerick,Oola,Oola
Limerick,Our Lady Of,Our Lady of Lourdes-Westin Bhaile na Corra
Limerick,Pallasgreen (Residencev,Pallasgreen
Limerick,Pallaskenry,Pallaskenry
Limerick,Patrckswell-Lough Gur,Patrickswell
Limerick,Patrickswell,Patrickswell
Limerick,Rathkeale,Rathkeale
Limerick,Rockhill,Rockhill/Bruree
Limerick,Rockhill Bruree,Rockhill/Bruree
Limerick,Sarsfield Park,Sarsfield Park
Limerick,Shanagolden,Shanagolden
Limerick,Southill,Southill
Limerick,Southill-Cnoc Theas,Southill
Limerick,Southville/Gurteen,Southville/Gurteen
Limerick,Spring Grove Estate,Spring Grove Estate
Limerick,Strand,Strand
Limerick,Templeglantine,Templeglantine
Limerick,Tournafulla,Tournafulla
Limerick,Upper Tournafulla,Tournafulla
Limerick,Watergate,Watergate
Limerick,Westfield Wetlands,Westfield Wetlands
Limerick,Weston,Weston
Limerick,Weston Gardens,Weston Gardens
Limerick,Woodlawn,Woodlawn
Longford,Abbeylara,Abbeylara
Longford,Abbeyshrule,Abbeyshrule
Longford,Ardagh,Ardagh
Longford,Aughnacliffe,Aughnacliffe
Longford,Ballinalee,Ballinalee
Longford,Ballinamuck,Ballinamuck
Longford,Ballycloughan,Ballycloughan
Longford,Ballymahon,Ballymahon
Longford,Carrickboy,Carrickboy
Longford,Clondra,Clondra
Longford,Colehill,Colehill
Longford,Cullyfad,Cullyfad
Longford,Derrahaun,Derrahaun
Longford,Dromard,Dromard
Longford,Drumlish,Drumlish
Longford,Edgeworthstown,Edgeworthstown
Longford,Ennybegs,Ennybegs
Longford,Granard,Granard
Longford,Kenagh,Kenagh
Longford,Killashee,Killashee
Longford,Lanesboro,Lanesborough
Longford,Lanesborough,Lanesborough
Longford,Legan,Legan
Longford,Lisryan,Lisryan
Longford,Longford,Longford
Longford,Longford Town,Longford
Longford,Moydow,Moydow
Longford,Mullinalaghta,Mullinalaghta
Longford,Newtowncashel,Newtowncashel
Longford,Newtownforbes,Newtownforbes
Longford,Taghshinny,Taghshinny
Longford,Taghsinny,Taghshinny
Longford,Tagshinny,Taghshinny
Louth,Annagassan,Annagassan
Louth,Annagassan- Áth Na,Annagassan
Louth,Annagasson,Annagassan
Louth,Ardee,Ardee
Louth,Baltray,Baltray
Louth,Blackrock,Blackrock
Louth,Blackrock-Louth,Blackrock
Louth,Carlingford,Carlingford
Louth,Castlebellingham-,Castlebellingham
Louth,Castlebellingham-Kilsaran,Castlebellingham
Louth,Castlebellingham/Kilsara,Castlebellingham
Louth,Clogherhead,Clogherhead
Louth,Clos Na Manach,Clos Na Manach
Louth,Collon,Collon
Louth,Collon Village,Collon
Louth,Drogheda,Drogheda
Louth,Dromiskin,Dromiskin
Louth,Dundalk,Dundalk
Louth,Dunleer,Dunleer
Louth,Grange,Grange
Louth,Greenore,Greenore
Louth,Kilcurry,Kilcurry
Louth,Kilkerley,Kilkerley
Louth,Knockbridge,Knockbridge
Louth,Louth,Louth
Louth,Louth Village,Louth
Louth,Monasterboice,Monasterboice
Louth,Omeath,Omeath
Louth,Philipstown,Philipstown
Louth,Reaghstown,Reaghstown
Louth,Sandpit,Sandpit
Louth,Stabannon,Stabannon
Louth,Tallanstown,Tallanstown
Louth,Termonfeckin,Termonfeckin
Louth,Tullyallen,Tullyallen
Mayo,Achill,Achill Sound
Mayo,Achill Sound,Achill Sound
Mayo,An Geata Mor,Binghamstown/An Geata Mór
Mayo,An Geata Mór,Binghamstown/An Geata Mór
Mayo,Attavally Luffertaun,Attavally Luffertaun
Mayo,Aughagower,Aughagower
Mayo,Balla,Balla
Mayo,Ballina,Ballina
Mayo,Ballina-Mayo,Ballina
Mayo,Ballindine,Ballindine
Mayo,Ballinrobe,Ballinrobe
Mayo,Ballintubber,Ballintubber
Mayo,Ballintubber-Mayo,Ballintubber
Mayo,Ballycastle,Ballycastle
Mayo,Ballycroy,Ballycroy
Mayo,Ballyglass,Ballyglass
Mayo,Ballyhaunis,Ballyhaunis
Mayo,Ballyheane,Ballyheane
Mayo,Ballyvary,Ballyvary
Mayo,Bangor Erris,Bangor Erris
Mayo,Beal An Mhuirthead,Belmullet/Beal An Mhuirthead
Mayo,Bekan,Bekan
Mayo,Belcarra,Belcarra
Mayo,Belmullet,Belmullet/Beal An Mhuirthead
Mayo,Bonniconla,Bonniconlon
Mayo,Bonniconlon,Bonniconlon
Mayo,Breaffy,Breaffy/Breaghwy
Mayo,Breaghwy,Breaffy/Breaghwy
Mayo,Béal An Mhuirthead,Belmullet/Beal An Mhuirthead
Mayo,Carracastle,Carracastle
Mayo,Castlebar,Castlebar
Mayo,Ceathru Thaidhg,Ceathru Thaidhg
Mayo,Charlestown Bellaghy,Charlestown Bellaghy
Mayo,Claire Island,Clare Island
Mayo,Clare Island,Clare Island
Mayo,Claremorris,Claremorris
Mayo,Clogher,Clogher
Mayo,Cong,Cong
Mayo,Cross,Cross
Mayo,Crossmolina,Crossmolina
Mayo,Dooagh-Pollagh,Dooagh-Pollagh
Mayo,Eachleim,Aghleam/Eachléim
Mayo,Eachléim,Aghleam/Eachléim
Mayo,Foxford,Foxford
Mayo,Geesala,Geesala
Mayo,Inishbiggle Island,Inishbiggle Island
Mayo,Inishturk Island,Inishturk Island
Mayo,Inver,Inver
Mayo,Keel,Keel
Mayo,Kilkeeran,Kilkeeran
Mayo,Kilkelly,Kilkelly
Mayo,Killala,Killala
Mayo,Kilmaine,Kilmaine
Mayo,Kiltimagh,Kiltimagh
Mayo,Knock,Knock
Mayo,Knockmore,Knockmore
Mayo,Lahardane,Lahardane
Mayo,Lecanvey,Lecanvey
Mayo,Louisburgh,Louisburgh
Mayo,Mayo Abbey,Mayo Abbey
Mayo,Moygownagh,Moygownagh
Mayo,Mulranny,Mulranny
Mayo,Murrisk,Murrisk
Mayo,Newport,Newport
Mayo,Newport-Mayo,Newport
Mayo,Partry,Partry
Mayo,Polranny,Polranny
Mayo,Quay Village,Quay Village
Mayo,Shrule,Shrule
Mayo,Straide,Straide
Mayo,Swinford,Swinford
Mayo,Taugheen,Taugheen
Mayo,The Neale,The Neale
Mayo,The Quay,The Quay
Mayo,Tonragee,Tonragee
Mayo,Tooreen,Tooreen
Mayo,Turlough,Turlough
Mayo,Westport,Westport
Meath,Ashbourne,Ashbourne
Meath,Athboy,Athboy
Meath,Ballinaclose,Ballinaclose
Meath,Ballivor,Ballivor
Meath,Batterstown,Batterstown
Meath,Bellewstown,Bellewstown
Meath,Bettystown,Bettystown
Meath,Carlanstown,Carlanstown
Meath,Carnaross,Carnaross
Meath,Castletown Kilpatrick,Castletown Kilpatrick
Meath,Castletown-Kilpatrick,Castletown Kilpatrick
Meath,Clonard,Clonard
Meath,Clonee,Clonee
Meath,Crossakiel,Crossakiel
Meath,Donore,Donore
Meath,Drumcondra,Drumcondra
Meath,Drumcondrath,Drumconrath
Meath,Drumconrath,Drumconrath
Meath,Drumcree,Drumcree
Meath,Duleek,Duleek
Meath,Dunboyne,Dunboyne
Meath,Dunderry,Dunderry
Meath,Dunsany,Dunsany
Meath,Dunshaughlin,Dunshaughlin
Meath,Enfield,Enfield
Meath,Gormanston,Gormanston
Meath,Johnstown,Johnstown
Meath,Julianstown,Julianstown
Meath,Kells,Kells
Meath,Kentstown,Kentstown
Meath,Kilbeg Staholmog,Kilbeg Staholmog
Meath,Kilberry,Kilberry
Meath,Kilbride,Kilbride/Cill Bhríde
Meath,Kilbride Cill Bhríde,Kilbride/Cill Bhríde
Meath,Kilcloon,Kilcloon
Meath,Kildalkey,Kildalkey
Meath,Killyon,Killyon
Meath,Killyon-Hill Of Down,Killyon
Meath,Kilmainhamwood,Kilmainhamwood
Meath,Kilmessan,Kilmessan
Meath,Kilskyre,Kilskyre
Meath,Kiltale,Kiltale
Meath,Laytown,Laytown
Meath,Longwood,Longwood
Meath,Moynalty,Moynalty
Meath,Navan,Navan
Meath,Nobber,Nobber
Meath,Oldbridge,Oldbridge
Meath,Oldcastle,Oldcastle
Meath,Rath Cairn,Rath Cairn
Meath,Rathmolyon,Rathmolyon
Meath,Rathoath,Rathoath
Meath,Ratoath,Ratoath
Meath,Slane,Slane
Meath,Stamullen,Stamullen
Meath,Summerhill,Summerhill
Meath,Trim,Trim
Meath,Wilkinstown,Wilkinstown
Monaghan,Annalore,Annalore
Monaghan,Ardaghey,Ardaghey
Monaghan,Ballinode,Ballinode
Monaghan,Ballybay,Ballybay
Monaghan,Ballyoisin,Ballyoisin
Monaghan,Carrickmacross,Carrickmacross
Monaghan,Carrickroe,Carrickroe
Monaghan,Castleblayney,Castleblayney
Monaghan,Clones,Clones
Monaghan,Clontibret,Clontibret
Monaghan,Donaghmoyne,Donaghmoyne
Monaghan,Donaghmoyne Village,Donaghmoyne
Monaghan,Doohamlet,Doohamlet
Monaghan,Drum,Drum
Monaghan,Emyvale,Emyvale
Monaghan,Glaslough,Glaslough
Monaghan,Greenan'S Cross,Greenan's Cross
Monaghan,Greenan'S Cross-Crois Ui,Greenan's Cross
Monaghan,Inniskeen,Inniskeen
Monaghan,Kileevan,Killeevan
Monaghan,Killeevan,Killeevan
Monaghan,Killyneill,Killyneill
Monaghan,Knockatallon,Knockatallon
Monaghan,Knockatallow,Knockatallon
Monaghan,Milltown,Milltown
Monaghan,Milltown-Monaghan,Milltown
Monaghan,Monaghan,Monaghan
Monaghan,Monaghan Town,Monaghan
Monaghan,Newbliss,Newbliss
Monaghan,Oram,Oram
Monaghan,Rockcorry,Rockcorry
Monaghan,Rockcorry Village,Rockcorry
Monaghan,Scotshouse,Scotshouse
Monaghan,Scotstown,Scotstown
Monaghan,Silverstream,Silverstream
Monaghan,Smithboro,Smithborough
Monaghan,Smithborough,Smithborough
Monaghan,Threemilehouse,Threemilehouse
Monaghan,Tydavnet,Tydavnet
Monaghan,Tyholland Silverstream,Tyholland Silverstream
Offaly,Ballyboy,Ballyboy
Offaly,Ballycumber,Ballycumber
Offaly,Banagher,Banagher
Offaly,Belmont,Belmont
Offaly,Birr,Birr
Offaly,Bracknagh,Bracknagh
Offaly,Cadamstown,Cadamstown
Offaly,Clara,Clara
Offaly,Cloghan,Cloghan
Offaly,Clonbullogue,Clonbullogue
Offaly,Cloneygowan,Cloneygowan
Offaly,Crinkill,Crinkill
Offaly,Crinkle,Crinkill
Offaly,Daingean,Daingean
Offaly,Dunkerrin,Dunkerrin
Offaly,Edenderry,Edenderry
Offaly,Ferbane,Ferbane
Offaly,Geashill,Geashill
Offaly,Horseleap,Horseleap
Offaly,Kilcormac,Kilcormac
Offaly,Killeigh,Killeigh
Offaly,Kinnitty,Kinnitty
Offaly,Lusmagh,Lusmagh
Offaly,Moneygall,Moneygall
Offaly,Mucklagh,Mucklagh
Offaly,Pullough,Pullough
Offaly,Rhode,Rhode
Offaly,Shannon Harbour,Shannon Harbour
Offaly,Shannonbridge,Shannonbridge
Offaly,Shinrone,Shinrone
Offaly,Tubber,Tubber
Offaly,Tullamore,Tullamore
Offaly,Walsh Island,Walsh Island
Offaly,Welsh Island,Walsh Island
Offaly,Welshisland,Walsh Island
Roscommon,Arigna,Arigna
Roscommon,Athleague,Athleague
Roscommon,Ballaghaderreen,Ballaghaderreen
Roscommon,Ballinagare,Ballinagare
Roscommon,Ballinaheglish-Ballymacurley,Ballinaheglish-Ballymacurley
Roscommon,Ballinameen,Ballinameen
Roscommon,Ballinlough,Ballinlough
Roscommon,Ballintubber,Ballintubber
Roscommon,Ballintubber-Roscommon,Ballintubber
Roscommon,Ballyfarnon,Ballyfarnon
Roscommon,Ballyforan,Ballyforan
Roscommon,Ballyleague,Ballyleague
Roscommon,Bealnamulla,Bealnamulla
Roscommon,Boyle,Boyle
Roscommon,Brideswell,Brideswell
Roscommon,Castlecoote,Castlecoote
Roscommon,Castleplunkett,Castleplunkett
Roscommon,Castlerea,Castlerea
Roscommon,Cloonfad,Cloonfad
Roscommon,Cloontuskert,Cloontuskert
Roscommon,Cootehall,Cootehall
Roscommon,Cortober,Cortober
Roscommon,Croghan,Croghan
Roscommon,Curraghboy,Curraghboy
Roscommon,Dysart,Dysart
Roscommon,Elphin,Elphin
Roscommon,Four Roads-Tisrara,Four Roads-Tisrara
Roscommon,Frenchpark,Frenchpark
Roscommon,Gortaganny,Gortaganny
Roscommon,Gorthaganny,Gortaganny
Roscommon,Granlahan,Granlahan
Roscommon,Keadue,Keadue
Roscommon,Kilteevan,Kilteevan
Roscommon,Knockcroghery,Knockcroghery
Roscommon,Knockvicar,Knockvicar
Roscommon,Lecarrow,Lecarrow
Roscommon,Lisacul,Lisacul
Roscommon,Loughglynn,Loughglinn
Roscommon,Loughlynn,Loughglinn
Roscommon,Monksland,Monksland
Roscommon,Moore,Moore
Roscommon,Mount Talbot,Mount Talbot
Roscommon,Portrunny,Portrunny
Roscommon,Rooskey,Roosky
Roscommon,Roosky,Roosky
Roscommon,Roscommon,Roscommon
Roscommon,Roscommon Town,Roscommon
Roscommon,Strokestown,Strokestown
Roscommon,Tarmonbarry,Tarmonbarry
Roscommon,Tisrara/Four Roads,Tisrara/Four Roads
Roscommon,Tulsk,Tulsk
Sligo,Aclare,Aclare
Sligo,Ballinacarrow,Ballinacarrow
Sligo,Ballinafad,Ballinafad
Sligo,Ballintogher,Ballintogher
Sligo,Ballisodare,Ballisodare
Sligo,Ballygawley,Ballygawley
Sligo,Ballymote,Ballymote
Sligo,Banada,Banada
Sligo,Banada Tourlestrane,Banada
Sligo,Bellaghy,Bellaghy
Sligo,Bunanadden,Bunnanaddan
Sligo,Bunnanaddan,Bunnanaddan
Sligo,Carney,Carney
Sligo,Carraroe,Carraroe
Sligo,Castlebaldwin,Castlebaldwin
Sligo,Cloonacool,Cloonacool
Sligo,Collooney,Collooney
Sligo,Coney Island,Coney Island
Sligo,Coolaney,Coolaney/Rockfield-Cúil
Sligo,Coolaney/Rockfield-Cúil,Coolaney/Rockfield-Cúil
Sligo,Culfadda,Culfadda
Sligo,Dromore West,Dromore West
Sligo,Drumcliffe Rathcormac,Drumcliffe Rathcormac
Sligo,Drumcliffe-,Drumcliffe Rathcormac
Sligo,Easkey,Easkey
Sligo,Enniscrone,Enniscrone
Sligo,Grange,Grange
Sligo,Gurteen,Gurteen
Sligo,Keash,Keash
Sligo,Mullaghmore,Mullaghmore
Sligo,Rathcormac,Drumcliffe Rathcormac
Sligo,Rathlee,Rathlee
Sligo,Riverstown,Riverstown
Sligo,Rosses Point,Rosses Point
Sligo,Sligo,Sligo
Sligo,Strandhill,Strandhill
Sligo,Tubbercurry,Tubbercurry
Tipperary,Aglish,Aglish
Tipperary,Anacarty,Annacarty
Tipperary,Annacarty,Annacarty
Tipperary,Ardcroney,Ardcroney
Tipperary,Ardfinnan,Ardfinnan
Tipperary,Ballina,Ballina
Tipperary,Ballina-Tipperary Nth,Ballina
Tipperary,Ballinahinch,Ballinahinch
Tipperary,Ballinderry,Ballinderry
Tipperary,Ballingarry (North),Ballingarry (North)
Tipperary,Ballingarry (South),Ballingarry (South)
Tipperary,Ballingarry-Tippeary South,Ballingarry (South)
Tipperary,Ballingarry-Tipperary N,Ballingarry (North)
Tipperary,Ballingarry-Tipperary North,Ballingarry (North)
Tipperary,Ballingarry-Tipperary South,Ballingarry (South)
Tipperary,Ballinure,Ballinure
Tipperary,Ballyboy,Ballyboy
Tipperary,Ballycahill,Ballycahill
Tipperary,Ballycommon,Ballycommon
Tipperary,Ballycommon Tidy Village,Ballycommon
Tipperary,Ballylooby,Ballylooby
Tipperary,Ballyneale,Ballyneale
Tipperary,Ballynonty,Ballynonty
Tipperary,Ballypatrick,Ballypatrick
Tipperary,Ballyporeen,Ballyporeen
Tipperary,Ballysloe,Ballysloe
Tipperary,Bansha,Bansha
Tipperary,Birdhill,Birdhill
Tipperary,Boherlahan,Boherlahan
Tipperary,Borrisokane,Borrisokane
Tipperary,Borrisoleigh,Borrisoleigh
Tipperary,Burncourt,Burncourt
Tipperary,Cahir,Cahir
Tipperary,Capparoe,Capparoe
Tipperary,Cappawhite,Cappawhite
Tipperary,Carrick-On-Suir,Carrick-On-Suir
Tipperary,Carrig,Carrig
Tipperary,Carrig Village,Carrig
Tipperary,Cashel,Cashel
Tipperary,Castleiney,Castleiney
Tipperary,Clogheen,Clogheen
Tipperary,Clonakenny,Clonakenny
Tipperary,Cloneen,Cloneen
Tipperary,Clonmel,Clonmel
Tipperary,Clonmore,Clonmore
Tipperary,Clonoulty,Clonoulty
Tipperary,Clonoulty Rossmore,Clonoulty-Rossmore
Tipperary,Cloughjordan,Cloughjordan
Tipperary,Coolbawn Quay,Coolbawn Quay
Tipperary,Cullen,Cullen
Tipperary,Donohill,Donohill
Tipperary,Drangan,Drangan
Tipperary,Drangan Village,Drangan
Tipperary,Drombane,Drombane
Tipperary,Dromineer,Dromineer
Tipperary,Dualla,Dualla
Tipperary,Dundrum,Dundrum
Tipperary,Emly,Emly
Tipperary,Fethard,Fethard
Tipperary,Garrykennedy,Garrykennedy
Tipperary,Glengoole,Glengoole
Tipperary,Goatenbridge,Goatenbridge
Tipperary,Golden,Golden
Tipperary,Gortnahoe,Gortnahoe
Tipperary,Grange,Grange
Tipperary,Grangemockler,Grangemockler
Tipperary,Hollyford,Hollyford
Tipperary,Holycross,Holycross
Tipperary,Inch,Inch
Tipperary,Inch-Bouladuff-Ragg,Inch-Bouladuff-Ragg
Tipperary,Inch-Bouladuff-Ragg/An,Inch-Bouladuff-Ragg
Tipperary,Kilbarron,Kilbarron
Tipperary,Kilbarron Village,Kilbarron
Tipperary,Kilcash,Kilcash
Tipperary,Kilcommon,Kilcommon
Tipperary,Kilfeacle,Kilfeacle
Tipperary,Killea,Killea
Tipperary,Killenaule,Killenaule
Tipperary,Killoscully,Killoscully
Tipperary,Killusty,Killusty
Tipperary,Kilross,Kilross
Tipperary,Kilsheelan,Kilsheelan
Tipperary,Knockavilla,Knockavilla
Tipperary,Lattin,Lattin
Tipperary,Lisvernane,Lisvernane
Tipperary,Littleton,Littleton
Tipperary,Littleton Village,Littleton
Tipperary,Lorrha,Lorrha
Tipperary,Loughmore,Loughmore
Tipperary,Marlfield,Marlfield
Tipperary,Marlfield Village,Marlfield
Tipperary,Moyne,Moyne
Tipperary,Mullinahone,Mullinahone
Tipperary,Nenagh,Nenagh
Tipperary,New Inn,New Inn
Tipperary,Newcastle,Newcastle
Tipperary,Newcastle-Tipperary Sth,Newcastle
Tipperary,Newport,Newport
Tipperary,Newport-Tipperary Nth,Newport
Tipperary,Nine Mile House,Nine Mile House
Tipperary,Portroe,Portroe
Tipperary,Puckane,Puckane
Tipperary,Rathcabbin,Rathcabbin
Tipperary,Rearcross,Rearcross/Crois Na Rae
Tipperary,Rearcross Crois Na Rae,Rearcross/Crois Na Rae
Tipperary,Riverstown-Killeen,Riverstown-Killeen
Tipperary,Riverstown-Killeen/Baile,Riverstown-Killeen
Tipperary,Roscrea,Roscrea
Tipperary,Rosegreen,Rosegreen
Tipperary,Rossadrehid,Rossadrehid
Tipperary,Rossmore,Rossmore
Tipperary,Shallee,Shallee
Tipperary,Shevry,Shevry
Tipperary,Silvermines,Silvermines
Tipperary,Templederry,Templederry
Tipperary,Templemore,Templemore
Tipperary,Templetuohy,Templetuohy
Tipperary,Terryglass,Terryglass
Tipperary,The Commons,The Commons
Tipperary,Thurles,Thurles
Tipperary,Tipperary,Tipperary
Tipperary,Toomevara,Toomevara
Tipperary,Toor,Toor
Tipperary,Two-Mile-,Two-Mile-Borris
Tipperary,Two-Mile-Borris,Two-Mile-Borris
Tipperary,Upperchurch,Upperchurch
Waterford,Aglish Village,Aglish Village
Waterford,Annestown,Annestown
Waterford,Ardmore,Ardmore
Waterford,Ballybricken,Ballybricken
Waterford,Ballyduff Lower,Ballyduff Lower
Waterford,Ballyduff Upper,Ballyduff Upper
Waterford,Ballymacarbarry,Ballymacarbarry
Waterford,Ballymacarberry,Ballymacarberry
Waterford,Ballymacarbry,Ballymacarbry
Waterford,Bunmahon,Bunmahon
Waterford,Cappoquin,Cappoquin
Waterford,Cheekpoint,Cheekpoint
Waterford,Clashmore,Clashmore
Waterford,Clonea-Power,Clonea-Power
Waterford,Crooke,Crooke
Waterford,Dungarvan,Dungarvan
Waterford,Dunhill,Dunhill
Waterford,Dunmore East,Dunmore East
Waterford,Fenor,Fenor
Waterford,Ferrybank,Ferrybank
Waterford,Kilmacthomas,Kilmacthomas
Waterford,Leamybrien,Leamybrien
Waterford,Lismore,Lismore
Waterford,New Street Gardens,New Street Gardens
Waterford,Passage East,Passage East-Crooke
Waterford,Passage East And Crook,Passage East-Crooke
Waterford,Portlaw,Portlaw
Waterford,Rathgormack,Rathgormack
Waterford,Stradbally,Stradbally
Waterford,Stradbally-Waterford,Stradbally
Waterford,Tallow,Tallow
Waterford,Tramore,Tramore
Waterford,Villierstown,Villierstown
Waterford,Waterford City,Waterford
Westmeath,Athlone,Athlone
Westmeath,Ballinagore,Ballinagore
Westmeath,Ballinahown,Ballinahown
Westmeath,Ballinahown Village,Ballinahown
Westmeath,Ballinalack,Ballinalack
Westmeath,Ballykeeran,Ballykeeran
Westmeath,Ballymore,Ballymore
Westmeath,Ballynacargy,Ballynacargy
Westmeath,Baylin,Baylin
Westmeath,Castledaly,Castledaly
Westmeath,Castlepollard,Castlepollard
Westmeath,Castletown Geoghegan,Castletown Geoghegan
Westmeath,Castletown-Geoghegan,Castletown Geoghegan
Westmeath,Clonmellon,Clonmellon
Westmeath,Collinstown,Collinstown
Westmeath,Coole,Coole
Westmeath,Crookedwood,Crookedwood
Westmeath,Delvin,Delvin
Westmeath,Drumcree,Drumcree
Westmeath,Dysart,Dysart
Westmeath,Dysart-Westmeath,Dysart
Westmeath,Finea,Finea/Fiodh An Átha
Westmeath,Finea _Fiodh An Átha,Finea/Fiodh An Átha
Westmeath,Glasson,Glasson
Westmeath,Glasson Village,Glasson
Westmeath,Horseleap,Horseleap
Westmeath,Kilbeggan,Kilbeggan
Westmeath,Killucan,Killucan and Rathwire
Westmeath,Killucan Rathwire,Killucan and Rathwire
Westmeath,Kinnegad,Kinnegad
Westmeath,Loughanavalley,Loughnavalley
Westmeath,Loughnavalley,Loughnavalley
Westmeath,Milltownpass,Milltownpass
Westmeath,Moate,Moate
Westmeath,Mount Temple,Mount Temple
Westmeath,Moyvore,Moyvore
Westmeath,Mullingar,Mullingar
Westmeath,Multyfarnham,Multyfarnham
Westmeath,Raharney,Raharney/Ráth Áirne
Westmeath,Raharney -Ráth Áirne,Raharney/Ráth Áirne
Westmeath,Rathowen,Rathowen
Westmeath,Rathwire,Rathwire
Westmeath,Rochfortbridge,Rochfortbridge
Westmeath,Rosemount,Rosemount
Westmeath,Streamstown,Streamstown
Westmeath,Streete,Streete
Westmeath,Tang,Tang
Westmeath,Tubberclair,Tubberclair
Westmeath,Tyrrellspass,Tyrrellspass
Wexford,Adamstown,Adamstown
Wexford,Askamore,Askamore
Wexford,Ballycanew,Ballycanew
Wexford,Ballycullane,Ballycullane
Wexford,Ballyduff,Ballyduff
Wexford,Ballyfad,Ballyfad
Wexford,Ballygarrett,Ballygarrett
Wexford,Ballyhack,Ballyhack-Arthurstown
Wexford,Ballyhack / Arthurstown,Ballyhack-Arthurstown
Wexford,Ballymoney Lower,Ballymoney Lower
Wexford,Ballymurn,Ballymurn
Wexford,Blackwater,Blackwater
Wexford,Bree,Bree
Wexford,Bridgetown,Bridgetown
Wexford,Bunclody,Bunclody
Wexford,Camolin,Camolin
Wexford,Campile,Campile
Wexford,Carrig-On-Bannow,Carrig-On-Bannow
Wexford,Castlebridge,Castlebridge
Wexford,Clonroche,Clonroche
Wexford,Coolgreany,Coolgreany
Wexford,Coolgreany-An,Coolgreany
Wexford,Courtnacuddy,Courtnacuddy
Wexford,Courtown Harbour,Courtown Harbour
Wexford,Craanford,Craanford
Wexford,Duncannon,Duncannon
Wexford,Duncormick,Duncormick
Wexford,Enniscorthy,Enniscorthy
Wexford,Ferns,Ferns
Wexford,Fethard On Sea,Fethard-On-Sea
Wexford,Fethard-On-Sea,Fethard-On-Sea
Wexford,Foulksmills,Foulksmills
Wexford,Gorey,Gorey
Wexford,Hollyfort,Hollyfort
Wexford,Kilanerin,Kilanerin
Wexford,Killanne,Killanne
Wexford,Kilmore Quay,Kilmore Quay
Wexford,Kilmuckridge,Kilmuckridge
Wexford,Kilrane,Kilrane-Rosslare Harbour
Wexford,Kilrane-Rosslare Harbour,Kilrane-Rosslare Harbour
Wexford,Marshalstown,Marshalstown
Wexford,Monageer,Monageer
Wexford,Monaseed,Monaseed
Wexford,New Ross,New Ross
Wexford,Newbawn,Newbawn
Wexford,Oulart,Oulart
Wexford,Oylegate,Oylegate
Wexford,Poulpeasty,Poulpeasty
Wexford,Ramsgrange,Ramsgrange
Wexford,Riverchapel,Riverchapel
Wexford,Rosslare,Rosslare
Wexford,Rosslare Harbour,Kilrane-Rosslare Harbour
Wexford,Saltmills,Saltmills
Wexford,Taghmon,Taghmon
Wexford,The Harrow,The Harrow
Wexford,Wellington Bridge,Wellingtonbridge
Wexford,Wellingtonbridge,Wellingtonbridge
Wexford,Wexford,Wexford
Wicklow,Arklow,Arklow
Wicklow,Ashford,Ashford
Wicklow,Aughrim,Aughrim
Wicklow,Avoca,Avoca
Wicklow,Ballycoog,Ballycoog
Wicklow,Ballycoogue,Ballycoog
Wicklow,Baltinglass,Baltinglass
Wicklow,Blessington,Blessington
Wicklow,Bray,Bray
Wicklow,Carnew,Carnew
Wicklow,Coolboy,Coolboy
Wicklow,Delgany,Delgany
Wicklow,Donard,Donard
Wicklow,Dunlavin,Dunlavin
Wicklow,Enniskerry,Enniskerry
Wicklow,Glenealy,Glenealy
Wicklow,Grange Con,Grangecon
Wicklow,Grangecon,Grangecon
Wicklow,Greystones,Greystones
Wicklow,Hollywood Village,Hollywood
Wicklow,Kilcoole,Kilcoole
Wicklow,Kilpedder,Kilpedder
Wicklow,Kiltegan,Kiltegan
Wicklow,Knockananna,Knockananna
Wicklow,Lacken,Lacken
Wicklow,Laragh,Laragh-Glendalough
Wicklow,Laragh & Glendalough,Laragh-Glendalough
Wicklow,Laragh&Glendalough-An,Laragh-Glendalough
Wicklow,Laragh\Glendalough,Laragh-Glendalough
Wicklow,Manor Kilbride,Kilbride
Wicklow,Newcastle,Newcastle
Wicklow,Newcastle-Wicklow,Newcastle
Wicklow,Newtownmountkennedy,Newtown Mount Kennedy
Wicklow,Rathdangan,Rathdangan
Wicklow,Rathdrum,Rathdrum
Wicklow,Rathnew,Rathnew
Wicklow,Redcross,Redcross
Wicklow,Roundwood,Roundwood
Wicklow,Shillelagh,Shillelagh
Wicklow,Stratford-On-Slaney,Stratford-On-Slaney
Wicklow,Tinahely,Tinahely
Wicklow,Wicklow,Wicklow
Wicklow,Wicklow Town,Wicklow